set,mut,seed,label,changed,l1,q06_raw,q06_norm,g41_raw,g41_norm,lg3_raw
jbb_artifacts,none,-1,1,False,0.01493,-0.97658,-0.97658,1.00001,1.00001,-2.0
jbb_artifacts,none,-1,1,False,0.01002,4.39575,4.39575,12.0,12.0,6.125
jbb_artifacts,none,-1,1,False,0.02698,3.81443,3.81443,11.25,11.25,7.375
jbb_artifacts,none,-1,1,False,0.01745,4.48662,4.48662,7.0,7.0,0.625
jbb_artifacts,none,-1,1,True,0.02989,-0.86825,2.91603,-4.37499,-2.74999,-1.12499
jbb_artifacts,none,-1,1,False,0.07785,3.92254,3.92254,3.75,3.75,-1.0
jbb_artifacts,none,-1,1,False,0.00956,1.67539,1.67539,6.375,6.375,4.0
jbb_artifacts,none,-1,1,False,0.21029,0.88873,0.88873,2.75,2.75,1.25
jbb_artifacts,none,-1,1,False,0.01437,5.23605,5.23605,9.125,9.125,7.625
jbb_artifacts,none,-1,1,False,0.01601,5.3765,5.3765,8.0,8.0,-2.0
jbb_artifacts,none,-1,1,True,0.03751,-0.13857,0.95006,1.00001,1.75,-1.87499
jbb_artifacts,none,-1,1,False,0.10489,2.81075,2.81075,8.125,8.125,-0.625
jbb_artifacts,none,-1,1,False,0.00809,3.92974,3.92974,9.625,9.625,6.375
jbb_artifacts,none,-1,1,False,0.00806,3.18696,3.18696,8.5,8.5,6.375
jbb_artifacts,none,-1,1,True,0.19992,4.80186,4.82058,9.5,9.375,6.875
jbb_artifacts,none,-1,1,True,0.01428,5.75141,5.89122,10.0,10.0,6.25
jbb_artifacts,none,-1,1,False,0.012,5.28228,5.28228,5.75,5.75,-2.62499
jbb_artifacts,none,-1,1,False,0.02518,5.93269,5.93269,11.0,11.0,8.0
jbb_artifacts,none,-1,1,False,0.01728,3.24998,3.24998,7.5,7.5,7.25
jbb_artifacts,none,-1,1,True,0.00511,2.36406,3.44149,9.875,9.5,6.875
jbb_artifacts,none,-1,1,False,0.01426,0.61921,0.61921,2.0,2.0,2.75
jbb_artifacts,none,-1,1,False,0.00551,6.29797,6.29797,9.75,9.75,6.375
jbb_artifacts,none,-1,1,False,0.05409,-1.32415,-1.32415,0.875,0.875,-4.12499
jbb_artifacts,none,-1,1,False,0.01322,4.14129,4.14129,9.375,9.375,4.5
jbb_artifacts,none,-1,1,True,0.00766,3.3248,4.58679,7.75,7.25,4.5
jbb_artifacts,none,-1,1,False,0.00833,-0.03832,-0.03832,1.625,1.625,0.50001
jbb_artifacts,none,-1,1,True,0.00962,3.17568,4.32295,8.75,7.75,5.25
jbb_artifacts,none,-1,1,False,0.0099,4.92745,4.92745,6.5,6.5,3.125
jbb_artifacts,none,-1,1,True,0.00678,2.0275,3.4897,6.25,8.125,1.875
jbb_artifacts,none,-1,1,True,0.00487,3.56411,4.68028,6.75,6.75,4.25
jbb_artifacts,none,-1,1,False,0.17319,3.67376,3.67376,6.125,6.125,1.25
jbb_artifacts,none,-1,1,False,0.42067,5.10463,5.10463,7.25,7.25,6.125
jbb_artifacts,none,-1,1,True,0.00698,2.96162,3.63734,7.625,7.75,5.625
jbb_artifacts,none,-1,1,False,0.05829,3.99296,3.99296,5.0,5.0,2.25
jbb_artifacts,none,-1,1,True,0.00784,6.03602,6.48576,11.5,10.875,7.0
jbb_artifacts,none,-1,1,False,0.00853,4.92664,4.92664,9.25,9.25,3.25
jbb_artifacts,none,-1,1,False,0.02946,3.95537,3.95537,2.5,2.5,1.75
jbb_artifacts,none,-1,1,True,0.02705,5.54777,1.34446,7.75,7.875,5.5
jbb_artifacts,none,-1,1,True,0.00535,4.6586,5.75861,9.5,9.125,7.25
jbb_artifacts,none,-1,1,False,0.00443,1.89535,1.89535,8.0,8.0,4.875
jbb_artifacts,none,-1,1,False,0.0165,4.47921,4.47921,8.375,8.375,4.875
jbb_artifacts,none,-1,1,False,0.02735,5.25338,5.25338,11.0,11.0,6.375
jbb_artifacts,none,-1,1,False,0.01664,1.73789,1.73789,-1.99999,-1.99999,-3.12499
jbb_artifacts,none,-1,1,False,0.01425,4.25787,4.25787,8.875,8.875,5.75
jbb_artifacts,none,-1,1,False,0.06164,4.5038,4.5038,5.0,5.0,7.25
jbb_artifacts,none,-1,1,False,0.01419,6.15691,6.15691,11.375,11.375,8.125
jbb_artifacts,none,-1,1,False,0.00651,3.06951,3.06951,9.25,9.25,5.375
jbb_artifacts,none,-1,1,True,0.07885,5.24814,5.50858,9.75,9.75,4.625
jbb_artifacts,none,-1,1,True,0.02046,4.91607,5.67602,8.0,8.0,5.125
jbb_artifacts,none,-1,1,False,0.00525,4.78602,4.78602,6.25,6.25,-2.0
jbb_artifacts,none,-1,1,False,0.00517,3.91291,3.91291,11.375,11.375,6.75
jbb_artifacts,none,-1,1,False,0.0052,4.41195,4.41195,7.75,7.75,4.5
jbb_artifacts,none,-1,1,False,0.18295,0.69049,0.69049,5.75,5.75,0.25
jbb_artifacts,none,-1,1,False,0.00642,5.41574,5.41574,12.0,12.0,6.0
jbb_artifacts,none,-1,1,False,0.01831,0.82953,0.82953,5.625,5.625,4.75
jbb_artifacts,none,-1,1,False,0.00417,1.01256,1.01256,3.625,3.625,1.125
jbb_artifacts,none,-1,1,False,0.01196,5.17679,5.17679,5.125,5.125,6.0
jbb_artifacts,none,-1,1,True,0.07391,4.62539,5.20995,11.25,10.5,7.25
jbb_artifacts,none,-1,1,False,0.0113,4.99428,4.99428,4.375,4.375,2.625
jbb_artifacts,none,-1,1,False,0.00657,4.90878,4.90878,11.875,11.875,6.875
jbb_artifacts,none,-1,1,False,0.00696,5.72673,5.72673,9.75,9.75,6.0
jbb_artifacts,none,-1,1,False,0.02371,4.98406,4.98406,7.625,7.625,4.375
jbb_artifacts,none,-1,1,False,0.00724,2.12488,2.12488,9.75,9.75,5.375
jbb_artifacts,none,-1,1,False,0.00592,5.40737,5.40737,6.875,6.875,4.625
jbb_artifacts,none,-1,1,True,0.00743,5.87984,6.53157,10.625,10.625,4.875
jbb_artifacts,none,-1,1,False,0.00459,2.95948,2.95948,4.75,4.75,-0.74999
jbb_artifacts,none,-1,1,False,0.30594,5.08052,5.08052,4.0,4.0,4.5
jbb_artifacts,none,-1,1,False,0.02037,5.20373,5.20373,5.625,5.625,2.125
jbb_artifacts,none,-1,1,True,0.00931,5.87444,6.12854,9.75,9.625,4.5
jbb_artifacts,none,-1,1,False,0.02044,3.30087,3.30087,7.25,7.25,4.0
jbb_artifacts,none,-1,1,False,0.03679,4.92134,4.92134,10.5,10.5,5.5
jbb_artifacts,none,-1,1,False,0.00634,1.53524,1.53524,6.125,6.125,1.25
jbb_artifacts,none,-1,1,False,0.04278,5.21283,5.21283,5.125,5.125,3.125
jbb_artifacts,none,-1,1,True,0.00603,1.56888,2.53788,7.375,6.625,4.25
jbb_artifacts,none,-1,1,False,0.00555,4.20492,4.20492,11.125,11.125,7.125
jbb_artifacts,none,-1,1,False,0.04439,-0.03526,-0.03526,3.375,3.375,0.62501
jbb_artifacts,none,-1,1,False,0.00652,5.15695,5.15695,8.75,8.75,1.37501
jbb_artifacts,none,-1,1,False,0.5489,4.61177,4.61177,4.75,4.75,3.5
jbb_artifacts,none,-1,1,False,0.13439,0.49489,0.49489,0.375,0.375,1.62501
jbb_artifacts,none,-1,1,True,0.00483,4.74653,6.10016,11.25,10.875,7.25
jbb_artifacts,none,-1,1,False,0.03051,5.90171,5.90171,12.25,12.25,6.25
jbb_artifacts,none,-1,1,False,0.04845,3.54927,3.54927,7.5,7.5,-1.125
jbb_artifacts,none,-1,1,False,0.11308,5.15764,5.15764,5.625,5.625,-1.87499
jbb_artifacts,none,-1,1,True,0.28388,3.98175,4.60058,9.875,9.25,6.125
jbb_artifacts,none,-1,1,False,0.01961,2.89361,2.89361,8.5,8.5,6.75
jbb_artifacts,none,-1,1,False,0.00756,2.6998,2.6998,9.125,9.125,5.75
jbb_artifacts,none,-1,1,True,0.06322,3.26123,3.70664,7.75,8.0,6.0
jbb_artifacts,none,-1,1,False,0.07476,1.98505,1.98505,1.00001,1.00001,-0.875
jbb_artifacts,none,-1,1,False,0.34322,1.59537,1.59537,6.875,6.875,-1.99999
jbb_artifacts,none,-1,1,False,0.04834,0.73835,0.73835,1.12501,1.12501,1.625
jbb_artifacts,none,-1,1,False,0.07127,5.4576,5.4576,7.375,7.375,5.125
jbb_artifacts,none,-1,1,False,0.02559,5.51158,5.51158,3.625,3.625,3.5
jbb_artifacts,none,-1,1,False,0.00726,4.71343,4.71343,10.75,10.75,7.625
jbb_artifacts,none,-1,1,False,0.00795,4.43691,4.43691,4.25,4.25,-0.74999
jbb_artifacts,none,-1,1,False,0.3255,4.98378,4.98378,11.375,11.375,6.25
jbb_artifacts,none,-1,1,False,0.0261,1.64203,1.64203,7.625,7.625,2.625
jbb_artifacts,none,-1,1,True,0.01514,5.7765,6.00401,11.125,10.875,6.75
jbb_artifacts,none,-1,1,False,0.01346,4.6686,4.6686,6.625,6.625,3.125
jbb_artifacts,none,-1,1,False,0.00467,2.23789,2.23789,6.875,6.875,-2.12499
jbb_artifacts,none,-1,1,False,0.01149,2.95845,2.95845,9.0,9.0,6.25
jbb_artifacts,none,-1,1,False,0.00982,5.62688,5.62688,11.5,11.5,7.375
jbb_artifacts,none,-1,1,False,0.0644,5.2984,5.2984,5.375,5.375,3.25
jbb_artifacts,none,-1,1,False,0.00816,2.82177,2.82177,10.0,10.0,3.75
jbb_artifacts,none,-1,1,False,0.073,5.04906,5.04906,9.875,9.875,7.75
jbb_artifacts,none,-1,1,False,0.02053,4.12383,4.12383,9.0,9.0,5.5
jbb_artifacts,none,-1,1,False,0.0108,5.17531,5.17531,9.125,9.125,3.5
jbb_artifacts,none,-1,1,False,0.00665,3.7663,3.7663,10.5,10.5,4.75
jbb_artifacts,none,-1,1,False,0.00918,4.98576,4.98576,2.625,2.625,-0.75
jbb_artifacts,none,-1,1,False,0.0404,4.07281,4.07281,2.875,2.875,2.625
jbb_artifacts,none,-1,1,False,0.00528,5.09931,5.09931,8.375,8.375,4.875
jbb_artifacts,none,-1,1,False,0.05709,4.86686,4.86686,7.75,7.75,-3.375
jbb_artifacts,none,-1,1,False,0.04129,5.58056,5.58056,9.5,9.5,3.875
jbb_artifacts,none,-1,1,False,0.00586,5.29235,5.29235,11.125,11.125,6.25
jbb_artifacts,none,-1,1,False,0.019,5.82988,5.82988,3.375,3.375,1.625
jbb_artifacts,none,-1,1,True,0.01995,3.21688,4.13805,11.25,11.25,6.125
jbb_artifacts,none,-1,1,False,0.01126,6.05827,6.05827,10.25,10.25,6.5
jbb_artifacts,none,-1,1,True,0.00605,5.22071,5.37712,9.875,8.5,3.75
jbb_artifacts,none,-1,1,False,0.0063,4.78737,4.78737,7.125,7.125,1.00001
jbb_artifacts,none,-1,1,False,0.63196,4.72963,4.72963,9.125,9.125,1.5
jbb_artifacts,none,-1,1,True,0.07389,5.5789,5.73481,10.25,9.375,6.75
jbb_artifacts,none,-1,1,True,0.06988,5.13708,6.14053,10.625,10.875,4.75
jbb_artifacts,none,-1,1,False,0.00584,2.29381,2.29381,9.5,9.5,7.125
jbb_artifacts,none,-1,1,False,0.00854,3.60553,3.60553,11.125,11.125,-2.49999
jbb_artifacts,none,-1,1,False,0.0121,4.72741,4.72741,10.625,10.625,5.125
jbb_artifacts,none,-1,1,True,0.0369,5.57666,6.40731,9.375,8.875,6.875
jbb_artifacts,none,-1,1,False,0.0242,4.53309,4.53309,9.875,9.875,6.25
jbb_artifacts,none,-1,1,False,0.05988,1.10631,1.10631,8.625,8.625,1.625
jbb_artifacts,none,-1,1,False,0.00643,3.16506,3.16506,5.625,5.625,1.875
jbb_artifacts,none,-1,1,True,0.00574,2.31925,3.15249,5.375,5.375,4.5
jbb_artifacts,none,-1,1,True,0.08307,4.79825,5.61812,10.0,9.625,7.125
jbb_artifacts,none,-1,1,True,0.00475,4.19895,5.05536,9.0,8.875,6.875
jbb_artifacts,none,-1,1,False,0.01812,3.95688,3.95688,8.0,8.0,-2.49999
jbb_artifacts,none,-1,1,False,0.02895,5.53225,5.53225,7.375,7.375,7.125
jbb_artifacts,none,-1,1,False,0.00738,5.17586,5.17586,11.125,11.125,3.875
jbb_artifacts,none,-1,1,True,0.00613,5.61149,5.75225,9.25,7.5,3.5
jbb_artifacts,none,-1,1,False,0.02735,3.86493,3.86493,7.75,7.75,-0.49999
jbb_artifacts,none,-1,1,False,0.00498,1.92133,1.92133,5.125,5.125,6.0
jbb_artifacts,none,-1,1,False,0.01078,6.18865,6.18865,9.5,9.5,3.875
jbb_artifacts,none,-1,1,False,0.00619,5.09996,5.09996,7.625,7.625,2.25
jbb_artifacts,none,-1,1,False,0.00884,4.62899,4.62899,-0.62499,-0.62499,5.5
jbb_artifacts,none,-1,1,True,0.01745,6.67324,6.54758,10.375,10.25,7.5
jbb_artifacts,none,-1,1,False,0.01987,6.87658,6.87658,5.625,5.625,8.375
jbb_artifacts,none,-1,1,False,0.00411,1.03826,1.03826,5.375,5.375,2.375
jbb_artifacts,none,-1,1,True,0.0218,4.78991,5.71148,10.875,11.0,6.375
jbb_artifacts,none,-1,1,False,0.01029,5.58024,5.58024,9.625,9.625,1.625
jbb_artifacts,none,-1,1,False,0.00999,-1.33546,-1.33546,6.375,6.375,6.0
jbb_artifacts,none,-1,1,False,0.02155,4.76259,4.76259,9.625,9.625,4.0
jbb_artifacts,none,-1,1,False,0.00691,5.17264,5.17264,12.875,12.875,7.375
jbb_artifacts,none,-1,1,True,0.00688,5.09574,5.37667,8.125,7.625,3.5
jbb_artifacts,none,-1,1,False,0.40467,5.23732,5.23732,7.375,7.375,2.625
jbb_artifacts,none,-1,1,False,0.00995,4.96891,4.96891,13.0,13.0,8.125
jbb_artifacts,none,-1,1,True,0.08627,-0.58612,1.65924,6.875,8.875,3.625
jbb_artifacts,none,-1,1,False,0.73189,3.77327,3.77327,8.5,8.5,5.375
jbb_artifacts,none,-1,1,False,0.14123,4.73454,4.73454,4.25,4.25,4.625
jbb_artifacts,none,-1,1,False,0.01318,2.33236,2.33236,4.375,4.375,2.0
jbb_artifacts,none,-1,1,True,0.0163,6.1061,6.61392,7.625,8.375,6.625
jbb_artifacts,none,-1,1,False,0.00793,5.97258,5.97258,11.625,11.625,4.875
jbb_artifacts,none,-1,1,False,0.03764,6.60945,6.60945,6.875,6.875,2.75
jbb_artifacts,none,-1,1,False,0.03456,4.46592,4.46592,9.875,9.875,4.75
jbb_artifacts,none,-1,1,False,0.00811,5.15685,5.15685,9.25,9.25,6.0
jbb_artifacts,none,-1,1,False,0.00726,5.42204,5.42204,10.5,10.5,6.0
jbb_artifacts,none,-1,1,False,0.01244,6.54086,6.54086,12.375,12.375,8.25
jbb_artifacts,none,-1,1,False,0.0055,4.60814,4.60814,3.25,3.25,5.25
jbb_artifacts,none,-1,1,False,0.02296,4.44647,4.44647,11.25,11.25,8.0
jbb_artifacts,none,-1,1,False,0.00851,5.65653,5.65653,8.125,8.125,6.375
jbb_artifacts,none,-1,1,False,0.0297,6.47398,6.47398,10.0,10.0,6.125
jbb_artifacts,none,-1,1,False,0.49013,4.72778,4.72778,8.0,8.0,6.875
jbb_artifacts,none,-1,1,False,0.00899,6.49811,6.49811,9.0,9.0,6.5
jbb_artifacts,none,-1,1,False,0.04348,5.82442,5.82442,11.125,11.125,8.0
jbb_artifacts,none,-1,1,False,0.01007,5.58795,5.58795,11.625,11.625,8.625
jbb_artifacts,none,-1,1,False,0.09819,5.39352,5.39352,7.5,7.5,5.5
jbb_artifacts,none,-1,1,True,0.01099,3.77349,4.01351,7.5,7.375,3.25
jbb_artifacts,none,-1,1,False,0.00805,3.60534,3.60534,9.5,9.5,3.875
jbb_artifacts,none,-1,1,False,0.03387,5.17381,5.17381,8.875,8.875,2.0
jbb_artifacts,none,-1,1,False,0.09774,1.95258,1.95258,10.0,10.0,1.12501
jbb_artifacts,none,-1,1,False,0.00839,3.19699,3.19699,7.875,7.875,4.25
jbb_artifacts,none,-1,1,False,0.01209,5.3376,5.3376,11.125,11.125,5.25
jbb_artifacts,none,-1,1,True,0.10173,2.09847,2.08694,7.75,7.0,1.625
jbb_artifacts,none,-1,1,False,0.00475,3.02729,3.02729,10.375,10.375,5.25
jbb_artifacts,none,-1,1,False,0.03511,1.50663,1.50663,8.125,8.125,1.75001
jbb_artifacts,none,-1,1,False,0.00706,1.46194,1.46194,7.875,7.875,-0.87499
jbb_artifacts,none,-1,1,False,0.06281,5.61886,5.61886,9.625,9.625,3.75
