guard,run,view,set,n,n_truncated,median_tokens
q06,e2e,raw,benign,1000,442,476.5
q06,e2e,raw,harmful,507,0,310.0
q06,e2e,raw,jailbreak,300,212,709.5
q06,e2e,raw,obfuscated,600,8,342.0
q06,e2e,norm,benign,1000,550,561.0
q06,e2e,norm,harmful,507,0,310.0
q06,e2e,norm,jailbreak,300,230,942.5
q06,e2e,norm,obfuscated,600,16,337.0
q06,ood,raw,adv_harmful,300,90,470.5
q06,ood,raw,benign_adv,300,39,439.5
q06,ood,raw,benign_orbench,450,0,318.0
q06,ood,raw,benign_xstest,250,0,308.0
q06,ood,raw,bon,1200,0,342.0
q06,ood,raw,harmbench,200,0,314.0
q06,ood,raw,jbb_artifacts,182,0,342.5
q06,ood,raw,obf_new,700,113,390.0
q06,ood,norm,adv_harmful,300,120,481.5
q06,ood,norm,benign_adv,300,69,443.0
q06,ood,norm,benign_orbench,450,0,318.0
q06,ood,norm,benign_xstest,250,0,308.0
q06,ood,norm,bon,1200,0,344.0
q06,ood,norm,harmbench,200,0,314.0
q06,ood,norm,jbb_artifacts,182,2,370.5
q06,ood,norm,obf_new,700,124,385.0
q06,v2,raw,benign_orbench,794,0,318.0
q06,v2,raw,benign_wjb,206,62,454.5
q06,v2,raw,bon,1200,0,336.0
q06,v2,raw,jbb_jailbreakchat,100,100,679.0
q06,v2,raw,jbb_random_search,100,100,746.5
q06,v2,raw,obf,1000,67,369.0
q06,v2,raw,strongreject,200,0,325.0
q06,v2,raw,wjb_adversarial,300,41,422.0
q06,v2,n1,benign_orbench,794,0,318.0
q06,v2,n1,benign_wjb,206,83,470.0
q06,v2,n1,bon,1200,0,336.0
q06,v2,n1,jbb_jailbreakchat,100,100,679.0
q06,v2,n1,jbb_random_search,100,100,1196.0
q06,v2,n1,obf,1000,122,405.0
q06,v2,n1,strongreject,200,0,325.5
q06,v2,n1,wjb_adversarial,300,67,427.0
q06,v2,n2,benign_orbench,794,0,318.0
q06,v2,n2,benign_wjb,206,83,470.0
q06,v2,n2,bon,1200,0,336.0
q06,v2,n2,jbb_jailbreakchat,100,100,679.0
q06,v2,n2,jbb_random_search,100,100,1196.0
q06,v2,n2,obf,1000,124,405.0
q06,v2,n2,strongreject,200,0,325.5
q06,v2,n2,wjb_adversarial,300,71,431.0
g41,e2e,raw,benign,1000,274,302.0
g41,e2e,raw,harmful,507,0,134.0
g41,e2e,raw,jailbreak,300,154,531.0
g41,e2e,raw,obfuscated,600,1,166.0
g41,e2e,norm,benign,1000,415,385.0
g41,e2e,norm,harmful,507,0,135.0
g41,e2e,norm,jailbreak,300,188,767.0
g41,e2e,norm,obfuscated,600,1,161.0
g41,ood,raw,adv_harmful,300,8,295.0
g41,ood,raw,benign_adv,300,3,264.5
g41,ood,raw,benign_orbench,450,0,143.0
g41,ood,raw,benign_xstest,250,0,133.0
g41,ood,raw,bon,1200,0,166.0
g41,ood,raw,harmbench,200,0,138.0
g41,ood,raw,jbb_artifacts,182,0,167.0
g41,ood,raw,obf_new,700,12,206.5
g41,ood,norm,adv_harmful,300,47,306.5
g41,ood,norm,benign_adv,300,25,268.0
g41,ood,norm,benign_orbench,450,0,143.0
g41,ood,norm,benign_xstest,250,0,133.0
g41,ood,norm,bon,1200,0,168.0
g41,ood,norm,harmbench,200,0,138.0
g41,ood,norm,jbb_artifacts,182,0,195.5
g41,ood,norm,obf_new,700,11,201.0
g41,v2,raw,benign_orbench,794,0,143.0
g41,v2,raw,benign_wjb,206,8,279.5
g41,v2,raw,bon,1200,0,160.0
g41,v2,raw,jbb_jailbreakchat,100,7,503.0
g41,v2,raw,jbb_random_search,100,100,571.5
g41,v2,raw,obf,1000,1,186.0
g41,v2,raw,strongreject,200,0,150.0
g41,v2,raw,wjb_adversarial,300,7,247.0
g41,v2,n1,benign_orbench,794,0,143.0
g41,v2,n1,benign_wjb,206,51,295.0
g41,v2,n1,bon,1200,0,160.0
g41,v2,n1,jbb_jailbreakchat,100,12,503.0
g41,v2,n1,jbb_random_search,100,100,1021.0
g41,v2,n1,obf,1000,1,223.0
g41,v2,n1,strongreject,200,0,150.5
g41,v2,n1,wjb_adversarial,300,31,252.0
lg3,ood,raw,adv_harmful,300,32,373.0
lg3,ood,raw,benign_adv,300,13,342.5
lg3,ood,raw,benign_orbench,450,0,221.0
lg3,ood,raw,benign_xstest,250,0,211.0
lg3,ood,raw,bon,1200,0,245.0
lg3,ood,raw,harmbench,200,0,217.0
lg3,ood,raw,jbb_artifacts,182,0,245.0
lg3,ood,raw,obf_new,700,25,285.0
lg3,v2,raw,benign_orbench,794,0,221.0
lg3,v2,raw,benign_wjb,206,26,357.5
lg3,v2,raw,bon,1200,0,238.0
lg3,v2,raw,jbb_jailbreakchat,100,100,582.0
lg3,v2,raw,jbb_random_search,100,100,649.5
lg3,v2,raw,obf,1000,7,265.0
lg3,v2,raw,strongreject,200,0,228.0
lg3,v2,raw,wjb_adversarial,300,14,325.0
lg3,v2,n2,benign_orbench,794,0,221.0
lg3,v2,n2,benign_wjb,206,60,373.0
lg3,v2,n2,bon,1200,0,239.0
lg3,v2,n2,jbb_jailbreakchat,100,100,582.0
lg3,v2,n2,jbb_random_search,100,100,1099.0
lg3,v2,n2,obf,1000,9,302.0
lg3,v2,n2,strongreject,200,0,228.5
lg3,v2,n2,wjb_adversarial,300,42,334.0
